<?xml version="1.0" encoding="UTF-8" ?>
<!DOCTYPE mapper PUBLIC "-//mybatis.org//DTD Mapper 3.0//EN" "http://mybatis.org/dtd/mybatis-3-mapper.dtd">
<mapper namespace="cn.edu.cucn.usermanager.mapper.UserMapper">

<!--    <resultMap id="" type="">-->
<!--    </resultMap>-->
<!--    <select id="selectAllUser" resultType="" parameterType="string">-->
<!--        SELECT id,NAME,url FROM User WHERE NAME LIKE CONCAT ('%',#{name},'%')-->
<!--    </select>-->
<!--    <insert id="addUser" parameterType="string">-->
<!--        insert into User(name)-->
<!--        values(#{name})-->
<!--    </insert>-->
<!--    <update id="updateUser" parameterType="string">-->
<!--        update User set name = #{name}-->
<!--    </update>-->
<!--    <delete id="deleteUser" parameterType="string">-->
<!--        delete from User where name = #{name}-->
<!--    </delete>-->

</mapper>